date,SO2_mod,SO2_mea,SO4_mod,SO4_mea,NH4_mod,NH4_mea,NO3_mod,NO3_mea,PM2.5_mod
1/1/07,0.957,0.081,0.173,0.124,0.051,0.06,0.047,0.02,1.505
1/8/07,0.441,0.1,0.106,0.066,0.04,0.044,0.061,0.056,1.783
1/15/07,1.272,0.56,0.249,0.215,0.061,0.127,0.081,0.057,2.012
1/22/07,0.269,0.057,0.08,0.043,0.019,0.022,0.025,0.015,2.659
1/29/07,0.678,0.121,0.246,0.148,0.053,0.059,0.099,0.026,2.117
2/5/07,0.868,0.149,0.156,0.115,0.031,0.031,0.022,0.034,2.936
2/12/07,0.272,0.091,0.102,0.127,0.035,0.047,0.042,0.03,1.557
2/19/07,0.592,0.09,0.316,0.107,0.044,0.023,0.036,0.027,1.631
2/26/07,0.246,0.104,0.103,0.07,0.033,0.016,0.026,0.027,2.249
3/5/07,0.072,0.036,0.116,0.084,0.055,0.013,0.07,0.07,1.032
3/12/07,0.697,0.107,0.214,0.081,0.05,0.09,0.057,0.098,1.709
3/19/07,0.48,0.181,0.212,0.207,0.035,0.132,0.024,0.106,2.333
3/26/07,0.028,0.109,0.114,0.243,0.031,0.196,0.031,0.114,1.347
4/2/07,1.259,0.437,0.342,0.249,0.055,0.141,0.029,0.139,3.849
4/9/07,0.181,0.039,0.207,0.17,0.043,0.099,0.038,0.071,2.418
4/16/07,0.136,0.046,0.156,0.229,0.02,0.12,0.019,0.126,3.687
4/23/07,0.028,0.207,0.14,0.201,0.033,0.094,0.025,0.053,3.411
4/30/07,0.007,0.043,0.057,0.078,0.02,0.034,0.024,0.014,0.764
5/7/07,0.006,0.066,0.111,0.08,0.044,0.016,0.034,0.023,1.268
5/14/07,0.005,0.04,0.072,0.104,0.035,0.021,0.042,0.011,0.558
5/21/07,0.002,0.063,0.05,0.054,0.026,0.021,0.033,0.01,0.406
5/28/07,0.005,0.039,0.046,0.058,0.025,0.019,0.025,0.015,0.477
6/4/07,0.006,0.067,0.044,0.081,0.02,0.013,0.041,0.04,0.375
6/11/07,0.008,0.099,0.096,0.241,0.038,0.031,0.026,0.026,0.627
6/18/07,0.004,0.047,0.093,0.089,0.032,0.023,0.051,0.026,0.747
6/25/07,0.006,0.026,0.042,0.088,0.026,0.017,0.026,0.014,0.581
7/2/07,0.006,0.079,0.05,0.05,0.03,0.016,0.046,0.016,0.641
7/9/07,0.011,0.083,0.046,0.067,0.014,0.016,0.041,0.023,0.474
7/16/07,0.008,0.114,0.057,0.018,0.016,0.01,0.019,0.01,0.394
7/23/07,0.01,0.093,0.051,0.106,0.027,0.021,0.04,0.019,0.886
7/30/07,0.006,0.057,0.086,0.16,0.041,0.04,0.061,0.024,1.040
8/6/07,0.003,0.054,0.048,0.059,0.029,0.016,0.055,0.014,0.725
8/13/07,0.002,0.054,0.053,0.018,0.017,0.01,0.02,0.01,0.672
8/20/07,0.013,0.037,0.133,0.068,0.019,0.017,0.017,0.011,0.677
8/27/07,0.017,0.037,0.117,0.042,0.015,0.018,0.012,0.01,0.539
9/3/07,0.002,0.037,0.048,0.033,0.019,0.01,0.021,0.013,0.367
9/10/07,0.002,0.031,0.034,0.02,0.015,0.01,0.015,0.013,0.412
9/17/07,0.016,0.029,0.088,0.044,0.022,0.011,0.022,0.011,0.903
9/24/07,0.002,0.031,0.031,0.009,0.023,0.01,0.02,0.01,1.126
10/1/07,0.019,0.024,0.048,0.025,0.017,0.01,0.014,0.016,2.937
10/8/07,0.015,0.024,0.048,0.018,0.02,0.01,0.016,0.014,0.804
10/15/07,0.024,0.024,0.04,0.013,0.017,0.01,0.011,0.014,1.044
10/22/07,0.017,0.027,0.039,0.019,0.018,0.01,0.014,0.01,2.818
10/29/07,0.062,0.03,0.084,0.025,0.058,0.01,0.021,0.016,1.248
11/5/07,0.027,0.03,0.065,0.05,0.04,0.016,0.032,0.026,1.287
11/12/07,0.029,0.026,0.065,0.058,0.035,0.01,0.027,0.014,1.655
11/19/07,1.322,0.203,0.199,0.112,0.037,0.027,0.023,0.021,3.672
11/26/07,0.3,0.043,0.145,0.124,0.08,0.056,0.057,0.071,1.331
12/3/07,0.398,0.067,0.111,0.162,0.046,0.059,0.052,0.017,1.337
12/10/07,0.605,0.114,0.134,0.088,0.025,0.033,0.034,0.027,1.509
12/17/07,0.616,0.023,0.146,0.026,0.026,0.011,0.022,0.01,2.165
12/24/07,1.634,0.259,0.241,0.18,0.042,0.053,0.043,0.026,3.690
12/31/07,0.349,0.067,0.163,0.051,0.072,0.011,0.061,0.013,1.821
1/7/08,0.309,0.023,0.095,0.041,0.032,0.01,0.05,0.026,0.846
1/14/08,0.421,0.024,0.124,0.069,0.046,0.011,0.062,0.076,2.289
1/21/08,0.294,0.07,0.089,0.091,0.032,0.014,0.05,0.04,1.367
1/28/08,0.609,0.024,0.142,0.039,0.039,0.01,0.041,0.021,1.673
2/4/08,0.073,0.021,0.094,0.079,0.058,0.011,0.104,0.076,1.793
2/11/08,0.203,0.054,0.078,0.074,0.02,0.014,0.014,0.011,2.860
2/18/08,0.347,0.087,0.104,0.133,0.042,0.043,0.035,0.016,1.519
2/25/08,0.958,0.406,0.331,0.375,0.107,0.146,0.058,0.018,2.223
3/3/08,0.94,0.231,0.293,0.265,0.072,0.149,0.041,0.39,1.465
3/10/08,0.244,0.063,0.202,0.168,0.065,0.037,0.038,0.015,1.442
3/17/08,0.3,0.136,0.249,0.255,0.123,0.137,0.037,0.134,2.047
3/24/08,0.498,0.141,0.293,0.358,0.102,0.113,0.035,0.131,3.132
3/31/08,0.444,0.177,0.352,0.316,0.146,0.207,0.072,0.206,2.815
4/7/08,0.2,0.206,0.27,0.367,0.101,0.167,0.04,0.076,2.439
4/14/08,0.065,0.034,0.178,0.187,0.068,0.077,0.029,0.109,2.677
4/21/08,0.67,0.25,0.527,0.432,0.144,0.146,0.037,0.103,4.991
4/28/08,0.029,0.07,0.168,0.282,0.156,0.199,0.059,0.121,2.035
5/5/08,0.166,0.041,0.377,0.228,0.072,0.129,0.033,0.111,1.935
5/12/08,0.003,0.029,0.386,0.277,0.1,0.109,0.064,0.067,1.983
5/19/08,0.001,0.034,0.119,0.177,0.096,0.086,0.053,0.211,1.023
5/26/08,0.001,0.03,0.07,0.086,0.051,0.053,0.06,0.238,0.635
6/2/08,0.004,0.033,0.057,0.131,0.026,0.076,0.031,0.066,0.530
6/9/08,0.021,0.026,0.42,0.203,0.043,0.027,0.03,0.017,2.719
6/16/08,0.006,0.03,0.13,0.093,0.018,0.031,0.021,0.017,0.975
6/23/08,0.008,0.037,0.038,0.051,0.018,0.013,0.025,0.017,0.855
6/30/08,0.006,0.046,0.059,0.189,0.029,0.01,0.042,0.087,0.703
7/7/08,0.007,0.034,0.043,0.254,0.019,0.01,0.029,0.046,1.030
7/14/08,0.008,0.086,0.066,0.071,0.029,0.011,0.053,0.166,0.727
7/21/08,0.006,0.043,0.059,0.001,0.024,0.011,0.048,0.029,0.651
7/28/08,0.007,0.114,0.043,0.086,0.025,0.011,0.051,0.03,0.595
8/4/08,0.003,0.063,0.014,0.031,0.007,0.01,0.018,0.01,0.560
8/11/08,0.003,0.114,0.02,0.031,0.011,0.018,0.019,0.027,0.339
8/18/08,0.003,0.04,0.069,0.1,0.038,0.213,0.071,0.183,0.770
8/25/08,0.003,0.043,0.045,0.079,0.023,0.046,0.051,0.069,0.438
9/1/08,0.005,0.027,0.087,,0.015,0.093,0.024,,1.369
9/8/08,0.001,0.034,0.072,0.046,0.043,,0.052,,0.873
9/15/08,0.002,0.036,0.073,0.046,0.049,0.016,0.032,0.041,1.656
9/22/08,0.005,0.033,0.035,0.035,0.015,0.01,0.013,0.011,0.813
9/29/08,0.019,0.037,0.051,0.039,0.023,0.01,0.014,0.01,0.675
10/6/08,0.021,0.026,0.057,0.042,0.024,0.01,0.024,0.031,1.383
10/13/08,0.086,0.034,0.091,0.043,0.018,0.117,0.015,0.223,1.444
10/20/08,0.169,0.067,0.112,0.057,0.027,0.01,0.021,0.011,1.179
10/27/08,0.05,0.067,0.048,0.035,0.021,0.016,0.018,0.04,2.618
11/3/08,0.291,0.087,0.105,0.09,0.019,0.071,0.022,0.109,1.074
11/10/08,0.303,0.03,0.097,0.058,0.021,0.01,0.016,0.016,3.156
11/17/08,0.591,,0.152,,0.039,,0.053,,1.748
11/24/08,0.626,0.049,0.159,0.096,0.076,0.187,0.054,0.243,1.523
12/1/08,0.067,0.034,0.059,0.073,0.031,0.01,0.039,0.011,0.834
12/8/08,0.188,0.03,0.063,0.117,0.034,0.01,0.058,0.017,1.965
12/15/08,0.704,0.211,0.164,0.056,0.06,0.067,0.07,0.01,2.410
12/22/08,0.247,0.033,0.078,0.022,0.033,0.033,0.068,0.01,2.586
12/29/08,1.078,0.393,0.19,0.125,0.051,0.039,0.065,0.03,2.662
1/5/09,0.908,0.427,0.181,0.188,0.056,0.059,0.07,0.056,3.233
1/12/09,1.175,0.459,0.228,0.213,0.074,0.051,0.076,0.051,4.529
1/19/09,0.255,0.039,0.128,0.119,0.087,0.027,0.216,0.037,1.363
1/26/09,0.068,0.033,0.098,0.098,0.052,0.013,0.09,0.064,1.125
2/2/09,1.54,0.519,0.268,0.343,0.133,0.103,0.12,0.04,3.401
2/9/09,0.653,0.047,0.206,0.177,0.053,0.031,0.054,0.023,1.996
2/16/09,0.098,0.028,0.068,0.045,0.026,0.012,0.016,0.017,1.729
2/23/09,0.59,0.055,0.15,0.154,0.036,0.028,0.032,0.023,2.001
3/2/09,0.101,0.05,0.093,0.104,0.054,0.03,0.04,0.054,1.544
3/9/09,0.24,0.036,0.238,0.204,0.097,0.041,0.058,0.027,2.584
3/16/09,0.577,0.04,0.242,0.274,0.089,0.05,0.042,0.033,2.404
3/23/09,1.284,0.63,0.472,0.408,0.122,0.093,0.054,0.023,2.710
3/30/09,0.225,0.373,0.212,0.515,0.066,0.119,0.035,0.016,1.685
4/6/09,0.039,0.071,0.117,0.244,0.045,0.054,0.022,0.021,2.151
4/13/09,0.036,0.129,0.203,0.531,0.056,0.057,0.034,0.049,4.697
4/20/09,0.176,0.25,0.207,0.619,0.068,0.127,0.039,0.03,3.443
4/27/09,0.116,0.133,0.19,0.414,0.067,0.012,0.039,0.018,2.777
5/4/09,0.024,0.046,0.212,0.255,0.128,0.076,0.045,0.029,1.549
5/11/09,0.04,0.031,0.188,0.119,0.053,0.017,0.043,0.021,1.526
5/18/09,0.001,0.063,0.042,0.096,0.036,0.01,0.034,0.022,0.736
5/25/09,0.001,0.028,0.018,0.078,0.014,0.013,0.017,0.012,0.654
6/1/09,0.006,0.057,0.07,0.115,0.023,0.013,0.02,0.014,0.716
6/8/09,0.005,0.044,0.087,0.109,0.035,0.019,0.028,0.011,0.784
6/15/09,0.006,0.05,0.05,0.117,0.03,0.019,0.029,0.024,1.016
6/22/09,0.005,0.03,0.049,0.109,0.027,0.019,0.033,0.01,0.594
6/29/09,0.009,0.114,0.101,0.116,0.029,0.019,0.034,0.021,0.834
7/6/09,0.011,0.03,0.12,0.082,0.048,0.034,0.043,0.016,1.013
7/13/09,0.012,0.034,0.086,0.087,0.031,0.023,0.042,0.016,0.775
7/20/09,0.01,0.029,0.1,0.078,0.039,0.03,0.038,0.01,1.106
7/27/09,0.008,0.043,0.114,0.104,0.048,0.073,0.076,0.013,1.175
8/3/09,0.003,0.051,0.081,0.035,0.053,0.021,0.104,0.01,0.898
8/10/09,0.003,0.041,0.051,0.059,0.031,0.019,0.067,0.01,0.755
8/17/09,0.003,0.05,0.037,0.038,0.027,0.017,0.031,0.058,0.748
8/24/09,0.003,0.047,0.029,0.041,0.017,,0.032,,0.469
8/31/09,0.002,0.047,0.042,0.033,0.029,0.315,0.042,0.328,0.503
9/7/09,0.002,0.054,0.019,0.045,0.014,,0.025,,0.329
9/14/09,0.019,0.03,0.054,0.02,0.03,0.01,0.017,0.02,0.352
9/21/09,0.075,0.043,0.114,0.043,0.023,0.014,0.018,0.039,0.709
9/28/09,0.041,0.044,0.11,0.039,0.039,0.01,0.014,0.013,3.007
10/5/09,0.066,0.03,0.061,0.015,0.02,0.014,0.019,0.021,1.664
10/12/09,0.018,0.032,0.054,0.015,0.024,,0.015,,1.117
10/19/09,0.026,,0.038,,0.018,,0.01,,1.251
10/26/09,0.007,0.036,0.031,0.017,0.018,0.014,0.018,0.012,0.540
11/2/09,0.111,0.027,0.058,0.012,0.023,0.017,0.049,0.019,1.104
11/9/09,0.055,0.036,0.093,0.032,0.053,0.011,0.075,0.017,1.006
11/16/09,0.039,0.029,0.061,0.021,0.036,0.047,0.07,0.079,1.105
11/23/09,0.21,0.027,0.137,0.043,0.027,0.01,0.035,0.021,1.147
11/30/09,0.09,0.047,0.055,0.067,0.025,0.012,0.047,0.018,0.629
12/7/09,0.139,0.049,0.128,0.048,0.059,0.027,0.085,0.02,1.102
12/14/09,0.172,0.049,0.08,0.045,0.033,0.031,0.044,0.034,1.100
12/21/09,0.397,0.02,0.118,0.099,0.07,0.057,0.074,0.03,1.741
12/28/09,0.456,0.024,0.11,0.184,0.042,0.107,0.071,0.027,1.595
1/4/10,0.517,0.099,0.127,0.15,0.042,0.122,0.099,0.096,1.911
1/11/10,0.246,0.05,0.122,0.076,0.05,0.242,0.072,0.328,1.273
1/18/10,0.11,0.049,0.122,0.041,0.059,0.039,0.054,0.017,1.430
1/25/10,0.359,0.189,0.168,0.191,0.076,0.139,0.089,0.024,1.854
2/1/10,0.44,0.023,0.248,0.267,0.126,0.046,0.148,0.023,1.702
2/8/10,0.397,0.021,0.205,0.216,0.132,0.049,0.115,0.054,1.421
2/15/10,0.609,0.21,0.213,0.197,0.111,0.029,0.07,0.016,1.837
2/22/10,0.693,0.199,0.262,0.227,0.059,0.043,0.042,0.013,2.345
3/1/10,0.862,0.151,0.261,0.121,0.05,0.041,0.032,0.031,2.073
3/8/10,0.565,0.157,0.205,0.177,0.07,0.029,0.024,0.013,4.457
3/15/10,1.011,0.877,0.314,0.456,0.081,0.094,0.049,0.02,2.070
3/22/10,0.325,0.179,0.217,0.267,0.083,0.046,0.057,0.013,2.131
3/29/10,0.231,0.206,0.31,0.329,0.157,0.06,0.051,0.02,2.377
4/5/10,0.044,0.04,0.226,0.169,0.056,0.021,0.047,0.019,1.542
4/12/10,0.012,0.02,0.088,0.117,0.042,0.063,0.033,0.02,1.143
4/19/10,0.016,0.024,0.092,0.171,0.039,0.099,0.033,0.031,1.229
4/26/10,0.057,0.034,0.173,0.187,0.055,0.093,0.025,0.03,1.830
5/3/10,0.09,0.028,0.265,0.213,0.061,0.07,0.036,0.03,2.050
5/10/10,0.002,0.028,0.063,0.172,0.04,0.094,0.037,0.03,0.562
5/17/10,0.001,0.087,0.049,0.087,0.032,0.01,0.028,0.017,0.767
5/24/10,0.002,0.056,0.076,0.17,0.043,0.013,0.034,0.016,0.615
5/31/10,0.008,0.021,0.04,0.096,0.016,0.01,0.023,0.019,0.304
6/7/10,0.006,0.026,0.055,0.094,0.023,0.02,0.04,0.013,0.492
6/14/10,0.008,,0.047,,0.019,,0.026,,0.661
6/21/10,0.006,0.03,0.081,0.093,0.041,0.01,0.039,0.011,1.006
6/28/10,0.005,0.029,0.077,0.109,0.035,0.01,0.052,0.013,0.944
7/5/10,0.011,0.023,0.094,0.063,0.042,0.02,0.074,0.013,1.152
7/12/10,0.006,0.034,0.037,0.053,0.017,0.011,0.026,0.014,0.775
7/19/10,0.008,0.023,0.03,0.027,0.013,0.01,0.026,0.016,0.417
7/26/10,0.006,0.027,0.043,0.037,0.018,0.01,0.032,0.031,0.617
8/2/10,0.002,0.027,0.047,0.043,0.031,0.01,0.048,0.01,0.680
8/9/10,0.003,0.026,0.011,0.014,0.006,0.01,0.01,0.01,0.270
8/16/10,0.003,0.024,0.078,0.048,0.022,0.01,0.031,0.01,0.884
8/23/10,0.002,0.024,0.092,0.033,0.027,0.01,0.036,0.014,0.669
8/30/10,0.002,0.023,0.042,0.014,0.019,0.01,0.024,0.011,0.396
9/6/10,0.002,0.026,0.057,0.029,0.025,0.01,0.031,0.01,0.426
9/13/10,0.01,0.04,0.099,0.087,0.042,0.034,0.033,0.01,0.625
9/20/10,0.01,0.021,0.085,0.027,0.033,0.01,0.03,0.01,0.538
9/27/10,0.001,0.022,0.034,0.014,0.026,0.01,0.032,0.012,0.707
10/4/10,0.005,0.03,0.071,0.037,0.059,0.01,0.107,0.013,1.936
10/11/10,0.038,0.023,0.078,0.053,0.056,0.011,0.021,0.013,0.686
10/18/10,0.131,0.051,0.104,0.079,0.062,0.029,0.025,0.014,2.214
10/25/10,0.517,0.127,0.169,0.107,0.037,0.027,0.037,0.017,3.046
11/1/10,0.068,0.029,0.08,0.064,0.037,0.01,0.03,0.011,0.767
11/8/10,0.267,0.057,0.122,0.148,0.033,0.017,0.034,0.02,1.302
11/15/10,0.494,0.021,0.136,0.11,0.039,0.033,0.026,0.011,1.071
11/22/10,0.175,0.09,0.084,0.09,0.033,0.044,0.051,0.027,0.879
11/29/10,0.18,0.031,0.066,0.053,0.036,0.024,0.043,0.02,1.396
12/6/10,0.62,0.049,0.134,0.127,0.078,0.04,0.121,0.021,2.306
12/13/10,0.22,0.057,0.09,0.08,0.043,0.034,0.063,0.017,1.643
12/20/10,0.244,0.083,0.081,0.109,0.045,0.314,0.067,0.359,1.326
12/27/10,1.22,0.223,0.171,0.151,0.058,0.924,0.059,0.949,1.611
1/3/11,1.233,0.231,0.188,0.194,0.064,0.186,0.057,0.023,2.436
1/10/11,0.656,0.116,0.14,0.25,0.054,0.496,0.049,0.324,1.650
1/17/11,0.175,0.021,0.054,0.028,0.023,0.011,0.042,0.013,1.340
1/24/11,0.217,0.054,0.06,0.04,0.022,0.019,0.028,0.019,1.010
1/31/11,1.249,0.196,0.229,0.295,0.083,0.283,0.064,0.188,2.093
2/7/11,0.859,0.167,0.169,0.141,0.066,0.094,0.06,0.18,1.628
2/14/11,0.228,0.081,0.165,0.133,0.054,0.034,0.051,0.056,1.075
2/21/11,0.132,0.032,0.068,0.044,0.028,0.422,0.02,0.48,2.771
2/28/11,0.187,0.06,0.09,0.076,0.039,0.176,0.025,0.162,3.404
3/7/11,1.069,0.713,0.303,0.253,0.066,0.233,0.034,0.22,3.891
3/14/11,0.395,0.234,0.162,0.11,0.042,0.024,0.021,0.02,2.459
3/21/11,0.088,0.083,0.133,0.25,0.047,0.064,0.031,0.039,4.109
3/28/11,0.142,0.369,0.214,0.307,0.075,0.09,0.063,0.017,2.356
4/4/11,0.017,0.027,0.104,0.168,0.056,0.093,0.03,0.177,2.376
4/11/11,0.027,0.02,0.049,0.135,0.027,0.01,0.012,0.018,1.787
4/18/11,0.054,0.018,0.151,0.175,0.164,0.05,0.099,0.094,2.674
4/25/11,0.002,0.023,0.076,0.085,0.063,0.134,0.048,0.264,1.322
5/2/11,0.001,0.022,0.067,0.137,0.045,0.028,0.04,0.02,0.728
5/9/11,0.002,0.041,0.058,0.189,0.033,0.053,0.038,0.064,1.833
5/16/11,0.008,0.053,0.095,0.224,0.04,0.079,0.028,0.043,1.026
5/23/11,0.004,0.034,0.082,0.101,0.058,0.034,0.029,0.036,0.821
5/30/11,0.004,0.02,0.048,0.073,0.038,0.013,0.031,0.044,0.479
6/6/11,0.006,0.031,0.034,0.05,0.022,0.011,0.023,0.03,0.668
6/13/11,0.003,0.059,0.085,0.196,0.051,0.067,0.062,0.023,1.004
6/20/11,0.004,0.037,0.042,0.083,0.024,0.019,0.043,0.041,0.790
6/27/11,0.005,0.091,0.051,0.031,0.023,0.011,0.045,0.011,0.771
7/4/11,0.008,0.079,0.105,0.046,0.024,0.149,0.029,0.171,0.709
7/11/11,0.011,0.061,0.058,0.037,0.025,0.01,0.032,0.011,0.657
7/18/11,0.009,0.031,0.053,0.093,0.027,0.01,0.04,0.026,0.838
7/25/11,0.005,0.053,0.077,0.053,0.032,0.01,0.053,0.011,0.889
8/1/11,0.002,0.071,0.031,0.033,0.016,0.01,0.023,0.013,0.485
8/8/11,0.003,0.1,0.066,0.031,0.009,0.014,0.012,0.019,1.271
8/15/11,0.016,0.32,0.144,0.117,0.047,0.029,0.051,0.021,1.283
8/22/11,0.006,0.383,0.076,0.047,0.029,0.017,0.048,0.053,0.591
8/29/11,0.003,0.324,0.03,0.011,0.016,0.027,0.03,0.089,0.420
9/5/11,0.002,0.195,0.073,0.027,0.045,0.012,0.059,0.015,0.870
9/12/11,0.002,0.236,0.06,0.014,0.031,0.01,0.025,0.01,0.588
9/19/11,0.008,0.061,0.147,0.053,0.049,0.02,0.044,0.017,1.076
9/26/11,0.003,0.119,0.036,0.013,0.018,0.01,0.025,0.01,0.503
10/3/11,0.007,0.02,0.05,0.011,0.025,0.017,0.013,0.023,0.548
10/10/11,0.082,0.034,0.089,0.069,0.02,0.02,0.013,0.037,2.134
10/17/11,0.275,0.02,0.173,0.046,0.044,0.011,0.023,0.039,1.241
10/24/11,0.008,0.024,0.135,0.129,0.086,0.027,0.074,0.034,1.377
10/31/11,0.104,0.024,0.104,0.031,0.053,0.01,0.051,0.036,1.625
11/7/11,0.047,0.024,0.048,0.023,0.018,0.01,0.017,0.019,2.179
11/14/11,0.098,0.023,0.046,0.056,0.017,0.016,0.024,0.076,1.061
11/21/11,0.214,0.029,0.09,0.084,0.027,0.029,0.021,0.03,2.382
11/28/11,0.538,0.107,0.115,0.095,0.032,0.025,0.017,0.032,4.886
12/5/11,0.443,0.133,0.089,0.121,0.036,0.054,0.038,0.034,2.138
12/12/11,0.127,0.02,0.08,0.035,0.054,0.012,0.093,0.028,1.121
12/19/11,0.054,0.018,0.044,0.014,0.024,0.11,0.039,0.153,1.181
12/26/11,0.371,0.216,0.113,0.156,0.057,0.059,0.065,0.039,1.628
1/2/12,0.489,0.024,0.123,0.097,0.06,0.184,0.07,0.3,1.997
1/9/12,0.479,0.176,0.179,0.076,0.06,0.041,0.047,0.056,1.465
1/16/12,0.048,0.021,0.044,0.03,0.024,0.161,0.048,0.256,0.928
1/23/12,0.098,0.029,0.077,0.02,0.043,0.54,0.056,0.597,1.479
1/30/12,0.031,0.031,0.081,0.091,0.06,0.34,0.042,0.379,1.296
2/6/12,0.036,0.02,0.053,0.039,0.025,0.25,0.019,0.323,1.621
2/13/12,0.154,0.177,0.066,0.094,0.023,0.257,0.018,0.287,1.343
2/20/12,0.258,0.041,0.102,0.199,0.041,0.131,0.028,0.15,3.106
2/27/12,0.597,0.334,0.184,0.203,0.06,0.288,0.035,0.252,2.108
3/5/12,0.089,0.02,0.123,0.087,0.093,0.013,0.085,0.127,2.011
3/12/12,0.183,0.027,0.327,0.399,0.167,0.19,0.05,0.151,4.090
3/19/12,0.316,0.049,0.385,0.33,0.189,0.238,0.049,0.243,2.037
3/26/12,0.303,0.051,0.288,0.261,0.104,0.897,0.037,0.93,2.874
4/2/12,0.261,0.077,0.251,0.279,0.093,0.097,0.026,0.077,2.814
4/9/12,0.142,0.413,0.216,0.29,0.063,,0.04,,1.998
4/16/12,0.005,0.083,0.099,0.143,0.051,,0.037,,2.030
4/23/12,0.003,0.026,0.07,0.113,0.047,0.224,0.027,0.337,1.306
4/30/12,0.038,0.026,0.28,0.243,0.042,0.06,0.03,0.044,2.266
5/7/12,0.164,0.046,0.364,0.267,0.1,0.098,0.038,0.045,1.688
5/14/12,0.006,0.028,0.065,0.208,0.057,0.103,0.036,0.032,0.916
5/21/12,0.002,0.022,0.033,0.117,0.026,0.273,0.023,0.398,1.265
5/28/12,0.07,0.037,0.248,0.261,0.038,0.131,0.026,0.134,3.976
6/4/12,0.005,0.031,0.07,0.1,0.042,0.137,0.032,0.324,0.682
6/11/12,0.005,0.021,0.059,0.106,0.043,0.06,0.033,0.07,0.647
6/18/12,0.003,0.03,0.052,0.05,0.031,0.101,0.027,0.111,0.785
6/25/12,0.007,0.073,0.019,0.019,0.008,0.085,0.015,0.134,0.425
7/2/12,0.01,0.031,0.033,0.029,0.015,0.213,0.028,0.207,0.405
7/9/12,0.006,0.029,0.095,0.024,0.039,0.01,0.048,0.029,1.179
7/16/12,0.009,0.027,0.093,0.043,0.037,0.109,0.04,0.167,0.804
7/23/12,0.012,0.021,0.053,0.024,0.023,0.034,0.035,0.061,0.640
7/30/12,0.003,0.027,0.031,0.013,0.019,0.057,0.025,0.049,0.446
8/6/12,0.003,0.027,0.028,0.007,0.02,0.01,0.024,0.051,0.687
8/13/12,0.002,0.024,0.032,0.029,0.019,0.01,0.027,0.051,0.523
8/20/12,0.005,0.029,0.071,0.014,0.017,0.011,0.013,0.02,0.943
8/27/12,0.003,0.051,0.062,0.033,0.029,0.011,0.027,0.027,1.107
9/3/12,0.007,0.043,0.081,0.012,0.011,0.028,0.017,0.081,0.597
9/10/12,0.007,0.221,0.148,0.041,0.07,0.19,0.029,0.269,1.126
9/17/12,0.021,0.241,0.262,0.167,0.145,0.076,0.031,0.04,1.434
9/24/12,0.002,0.2,0.092,0.017,0.073,0.157,0.027,0.173,0.670
10/1/12,0.004,0.02,0.033,0.023,0.024,0.01,0.019,0.026,0.340
10/8/12,0.004,0.027,0.037,0.016,0.023,0.076,0.024,0.197,0.595
10/15/12,0.009,0.03,0.041,0.014,0.028,0.079,0.027,0.141,0.485
10/22/12,0.441,0.059,0.133,0.069,0.023,0.027,0.017,0.046,1.817
10/29/12,0.216,0.023,0.12,0.041,0.051,0.016,0.038,0.067,0.871
11/5/12,0.067,0.024,0.062,0.037,0.022,0.011,0.026,0.037,1.347
11/12/12,0.15,0.054,0.108,0.049,0.039,0.02,0.033,0.04,0.745
11/19/12,0.904,0.363,0.248,0.154,0.081,0.14,0.039,0.167,1.274
11/26/12,0.218,0.033,0.112,0.086,0.074,0.061,0.059,0.12,0.917
12/3/12,0.119,0.023,0.074,0.039,0.036,0.014,0.052,0.051,0.658
12/10/12,0.197,0.079,0.125,0.167,0.078,0.151,0.117,0.21,1.099
12/17/12,0.139,0.038,0.068,0.117,0.033,0.05,0.043,0.088,1.832
12/24/12,0.523,0.201,0.13,0.105,0.028,0.047,0.02,0.096,3.805
12/31/12,0.117,0.044,0.085,0.044,0.051,0.044,0.048,0.104,1.232
1/7/13,0.396,0.086,0.104,0.165,0.029,0.021,0.028,0.034,2.272
1/14/13,0.714,0.146,0.176,0.145,0.051,0.051,0.04,0.173,2.508
1/21/13,0.908,0.227,0.202,0.298,0.086,0.159,0.057,0.146,4.101
1/28/13,0.809,0.093,0.204,0.309,0.13,0.053,0.069,0.039,1.711
2/4/13,0.234,0.039,0.11,0.111,0.057,0.09,0.105,0.11,1.001
2/11/13,0.048,0.023,0.094,0.044,0.042,0.013,0.041,0.029,0.925
2/18/13,0.345,0.206,0.139,0.121,0.039,0.04,0.047,0.014,1.025
2/25/13,0.571,0.16,0.199,0.209,0.062,0.176,0.047,0.2,1.458
3/4/13,0.505,0.263,0.172,0.208,0.046,0.06,0.038,0.077,2.732
3/11/13,0.118,0.043,0.136,0.171,0.048,0.594,0.038,0.827,1.600
3/18/13,0.132,0.097,0.142,0.205,0.087,0.046,0.073,0.047,2.398
3/25/13,2.209,0.347,0.639,0.455,0.167,0.22,0.047,0.274,3.714
4/1/13,1.006,0.304,0.403,0.304,0.133,0.622,0.054,0.632,2.728
4/8/13,0.564,0.143,0.332,0.362,0.06,0.242,0.054,0.157,2.513
4/15/13,0.081,0.199,0.186,0.191,0.048,0.087,0.04,0.035,2.060
4/22/13,0.049,0.024,0.106,0.134,0.047,0.157,0.038,0.319,1.699
4/29/13,0.018,0.021,0.184,0.179,0.067,0.137,0.042,0.04,1.256
5/6/13,0.002,0.024,0.054,0.256,0.031,0.111,0.029,0.043,0.663
5/13/13,0.006,0.029,0.049,0.231,0.031,0.044,0.03,0.087,0.515
5/20/13,0.003,0.02,0.036,0.359,0.023,0.111,0.023,0.293,0.649
5/27/13,0.007,0.02,0.043,0.066,0.032,0.073,0.041,0.029,0.604
6/3/13,0.004,0.053,0.041,0.05,0.029,0.073,0.02,0.043,1.071
6/10/13,0.003,0.023,0.02,0.05,0.013,0.104,0.015,0.014,0.995
6/17/13,0.006,0.046,0.063,0.04,0.035,0.319,0.037,0.34,0.900
6/24/13,0.003,0.024,0.076,0.055,0.045,0.036,0.047,0.056,1.276
7/1/13,0.008,0.027,0.078,0.069,0.051,0.054,0.075,0.011,1.467
7/8/13,0.013,0.036,0.042,0.017,0.015,0.019,0.03,0.01,0.771
7/15/13,0.014,0.049,0.04,0.02,0.015,0.016,0.031,0.027,0.624
7/22/13,0.007,0.026,0.032,0.03,0.019,0.3,0.035,0.336,0.696
7/29/13,0.005,0.033,0.063,0.103,0.041,0.085,0.058,0.047,0.801
8/5/13,0.003,0.025,0.023,0.004,0.015,0.01,0.026,0.015,0.457
8/12/13,0.003,0.027,0.034,0.057,0.019,0.116,0.019,0.147,1.012
8/19/13,0.004,0.025,0.038,0.081,0.022,0.028,0.039,0.06,0.856
8/26/13,0.004,,0.039,,0.031,,0.026,,0.789
9/2/13,0.002,,0.025,,0.016,,0.023,,0.928
9/9/13,0.004,,0.013,,0.007,,0.011,,0.557
9/16/13,0.006,,0.215,,0.121,,0.087,,1.565
9/23/13,0.016,,0.127,,0.041,,0.042,,0.828
9/30/13,0.008,0.028,0.072,0.005,0.022,0.01,0.015,0.03,2.390
10/7/13,0.009,0.03,0.02,0.011,0.015,0.01,0.015,0.055,1.068
10/14/13,0.007,,0.046,,0.025,,0.026,,0.493
10/21/13,0.378,0.073,0.12,0.1,0.026,0.019,0.033,0.024,0.834
10/28/13,0.253,0.02,0.108,0.089,0.033,0.02,0.02,0.031,0.852
11/4/13,0.048,0.031,0.046,0.025,0.02,0.079,0.015,0.1,2.001
11/11/13,0.12,0.037,0.078,0.05,0.021,0.017,0.023,0.083,2.299
11/18/13,0.1,0.024,0.043,0.017,0.026,0.015,0.015,0.047,1.935
11/25/13,0.6,0.087,0.139,0.094,0.032,0.138,0.048,0.226,2.666
12/2/13,1.589,0.661,0.208,0.161,0.055,0.057,0.063,0.09,1.719
12/9/13,0.247,0.027,0.086,0.077,0.044,0.024,0.04,0.019,1.017
12/16/13,0.124,0.037,0.051,0.048,0.028,0.14,0.04,0.153,1.563
12/23/13,1.859,0.353,0.313,0.404,0.133,0.307,0.08,0.191,2.293
12/30/13,0.307,0.026,0.123,0.062,0.054,0.057,0.038,0.076,0.857
1/6/14,0.111,0.021,0.078,0.023,0.044,0.083,0.03,0.106,1.635
1/13/14,0.079,,0.084,,0.034,,0.045,,1.055
1/20/14,0.063,0.092,0.067,0.016,0.037,0.01,0.077,0.018,0.874
1/27/14,0.136,0.093,0.11,0.049,0.065,0.017,0.086,0.034,1.119
2/3/14,0.217,0.074,0.149,0.087,0.117,0.021,0.132,0.031,1.524
2/10/14,0.129,0.082,0.108,0.078,0.069,0.026,0.106,0.02,1.256
2/17/14,0.249,0.024,0.212,0.131,0.082,0.041,0.072,0.026,1.421
2/24/14,0.269,0.028,0.117,0.072,0.042,0.047,0.046,0.052,1.646
3/3/14,0.046,0.026,0.074,0.016,0.037,0.014,0.026,0.029,1.193
3/10/14,0.881,0.084,0.226,0.17,0.052,0.071,0.035,0.014,1.377
3/17/14,0.594,0.446,0.248,0.349,0.051,0.11,0.025,0.044,1.919
3/24/14,0.407,0.223,0.232,0.064,0.046,0.501,0.027,0.386,2.690
3/31/14,0.21,0.117,0.213,0.194,0.07,0.147,0.032,0.13,3.013
4/7/14,0.138,0.046,0.24,0.261,0.082,0.111,0.041,0.047,1.854
4/14/14,0.053,0.026,0.179,0.311,0.051,0.129,0.031,0.053,3.191
4/21/14,0.041,0.023,0.175,0.114,0.055,0.053,0.027,0.03,2.783
4/28/14,0.015,0.117,0.088,0.196,0.067,0.091,0.034,0.081,1.699
5/5/14,0.005,0.023,0.135,0.076,0.061,0.026,0.03,0.027,1.938
5/12/14,0.004,0.023,0.048,0.09,0.029,0.049,0.02,0.041,1.281
5/19/14,0.003,0.027,0.08,0.249,0.038,0.023,0.031,0.034,1.540
5/26/14,0.002,0.027,0.048,0.076,0.038,0.017,0.034,0.023,0.726
6/2/14,0.004,0.027,0.041,0.094,0.028,0.036,0.036,0.03,0.537
6/9/14,0.004,0.026,0.027,0.064,0.015,0.027,0.023,0.03,1.158
6/16/14,0.006,0.027,0.026,0.054,0.017,0.231,0.019,0.259,0.508
6/23/14,0.005,0.029,0.045,0.063,0.029,0.101,0.035,0.094,0.690
6/30/14,0.007,0.027,0.072,0.11,0.024,0.189,0.059,0.153,0.793
7/7/14,0.006,0.03,0.096,0.158,0.038,0.187,0.075,0.143,0.902
7/14/14,0.006,,0.067,,0.023,,0.035,,0.862
7/21/14,0.007,,0.057,,0.025,,0.054,,0.817
7/28/14,0.005,,0.033,,0.01,,0.031,,0.636
8/4/14,0.001,,0.039,,0.028,,0.059,,0.920
8/11/14,0.04,,0.272,,0.045,,0.067,,1.899
8/18/14,0.003,,0.036,,0.027,,0.037,,0.852
8/25/14,0.002,,0.034,,0.013,,0.027,,0.528
9/1/14,0.004,,0.012,,0.008,,0.016,,0.260
9/8/14,0.002,,0.017,,0.013,,0.018,,0.978
9/15/14,0.008,,0.064,,0.03,,0.021,,3.207
9/22/14,0.007,,0.079,,0.04,,0.024,,0.778
9/29/14,0.005,,0.026,,0.015,,0.017,,1.207
10/6/14,0.035,0.64,0.101,0.675,0.03,0.035,0.023,0.033,1.123
10/13/14,0.135,0.025,0.093,0.233,0.066,0.03,0.019,0.028,0.784
10/20/14,0.063,0.836,0.093,0.303,0.062,0.046,0.047,0.058,1.132
10/27/14,0.021,0.033,0.06,0.236,0.04,0.017,0.025,0.084,0.670
11/3/14,0.213,0.101,0.083,0.207,0.029,0.034,0.022,0.044,1.166
11/10/14,0.166,0.163,0.086,0.274,0.03,0.236,0.045,0.213,1.437
11/17/14,0.09,0.276,0.071,0.284,0.037,0.52,0.056,0.537,1.113
11/24/14,0.033,1.592,0.05,0.897,0.034,0.312,0.04,0.925,0.810
12/1/14,1.12,0.255,0.192,0.32,0.057,0.298,0.059,0.293,2.379
12/8/14,0.756,0.126,0.137,0.273,0.054,0.437,0.022,0.437,3.906
12/15/14,0.585,0.226,0.135,0.359,0.042,0.126,0.04,0.126,2.249
12/22/14,0.651,0.264,0.17,0.242,0.056,0.054,0.049,0.026,1.370
12/29/14,0.138,0.029,0.067,0.03,0.032,0.019,0.033,0.036,1.709
1/5/15,0.167,0.038,0.076,0.01,0.039,0.02,0.052,0.028,1.168
1/12/15,0.349,0.024,0.105,0.01,0.063,0.027,0.048,0.034,1.071
1/19/15,0.076,0.023,0.08,0.013,0.052,0.023,0.076,0.037,1.506
1/26/15,0.498,0.021,0.154,0.01,0.094,0.01,0.07,0.01,1.193
2/2/15,0.245,0.07,0.093,0.11,0.04,0.04,0.025,0.025,2.384
2/9/15,0.881,0.847,0.234,0.301,0.062,0.161,0.051,0.139,3.025
2/16/15,0.838,0.336,0.201,0.289,0.047,0.524,0.032,0.533,4.149
2/23/15,0.668,0.406,0.184,0.198,0.072,0.842,0.035,0.883,2.189
3/2/15,0.234,0.024,0.078,0.029,0.031,0.24,0.027,0.331,1.922
3/9/15,0.305,0.051,0.157,0.167,0.055,0.053,0.028,0.046,3.755
3/16/15,0.343,0.134,0.247,0.271,0.069,0.083,0.041,0.097,2.104
3/23/15,0.218,0.03,0.156,0.175,0.051,0.173,0.028,0.157,1.539
3/30/15,0.163,0.055,0.156,0.235,0.067,0.115,0.026,0.073,2.132
4/6/15,0.026,0.079,0.271,0.409,0.131,0.423,0.061,0.291,1.634
4/13/15,0.004,0.022,0.087,0.157,0.05,0.282,0.025,0.268,1.204
4/20/15,0.041,0.032,0.154,0.225,0.048,0.145,0.021,0.133,2.586
4/27/15,0.004,0.023,0.072,0.19,0.042,0.085,0.035,0.055,1.434
5/4/15,0.002,0.023,0.071,0.14,0.063,0.252,0.028,0.322,0.771
5/11/15,0.006,0.026,0.04,0.111,0.038,0.054,0.03,0.034,0.621
5/18/15,0.001,0.031,0.03,0.097,0.023,0.046,0.025,0.04,1.028
5/25/15,0.002,0.039,0.046,0.119,0.034,0.053,0.033,0.029,0.533
6/1/15,0.004,0.023,0.036,0.031,0.022,0.017,0.02,0.019,0.647
6/8/15,0.004,0.023,0.025,0.039,0.018,0.019,0.016,0.016,1.661
6/15/15,0.004,0.024,0.096,0.079,0.023,0.203,0.038,0.219,0.748
6/22/15,0.005,0.024,0.05,0.047,0.023,0.028,0.037,0.035,0.524
6/29/15,0.007,0.026,0.031,0.026,0.015,0.011,0.026,0.033,0.424
7/6/15,0.008,0.053,0.161,0.136,0.182,0.123,0.242,0.036,6.448
7/13/15,0.005,0.024,0.104,0.054,0.08,0.033,0.088,0.039,2.573
7/20/15,0.006,0.027,0.075,0.18,0.045,0.131,0.047,0.211,1.006
7/27/15,0.007,0.03,0.136,0.067,0.067,0.099,0.065,0.109,1.803
8/3/15,0.005,0.029,0.165,0.056,0.05,0.03,0.074,0.039,1.517
8/10/15,0.002,0.029,0.045,0.057,0.025,0.047,0.049,0.044,0.749
8/17/15,0.003,0.029,0.024,0.034,0.014,0.099,0.026,0.134,0.818
8/24/15,0.004,0.027,0.034,0.024,0.013,0.01,0.029,0.017,0.447
8/31/15,0.002,0.023,0.063,0.04,0.017,0.013,0.024,0.026,0.530
9/7/15,0.001,0.029,0.035,0.016,0.024,0.01,0.032,0.017,0.710
9/14/15,0.003,0.024,0.027,0.023,0.018,0.019,0.022,0.034,0.464
9/21/15,0.002,0.029,0.041,0.007,0.026,0.043,0.041,0.051,0.517
9/28/15,0.006,0.026,0.027,0.013,0.018,0.011,0.018,0.04,1.906
10/5/15,0.009,0.026,0.062,0.036,0.041,0.021,0.054,0.043,0.985
10/12/15,0.004,0.026,0.011,0.009,0.007,0.019,0.012,0.033,0.810
10/19/15,0.022,0.024,0.025,0.003,0.015,0.024,0.009,0.043,1.125
10/26/15,0.722,0.069,0.151,0.081,0.035,0.011,0.053,0.016,1.266
11/2/15,0.19,0.076,0.088,0.089,0.02,0.034,0.022,0.014,0.960
11/9/15,0.222,0.03,0.132,0.083,0.042,0.02,0.048,0.026,1.231
11/16/15,0.109,0.023,0.054,0.057,0.021,0.011,0.019,0.024,2.414
11/23/15,0.482,0.023,0.137,0.023,0.053,0.013,0.046,0.01,1.346
11/30/15,0.309,0.033,0.111,0.111,0.043,0.036,0.033,0.021,1.141
12/7/15,0.266,0.037,0.087,0.093,0.041,0.031,0.039,0.033,2.025
12/14/15,0.363,0.022,0.118,0.062,0.035,0.023,0.02,0.01,2.605
12/21/15,0.297,0.26,0.097,0.03,0.029,0.027,0.024,0.026,1.969
12/28/15,0.014,0.043,0.042,0.007,0.035,0.065,0.056,0.076,1.503
1/4/16,0.155,0.023,0.066,0.046,0.047,0.02,0.044,0.019,1.051
1/11/16,0.233,0.219,0.12,0.094,0.071,0.023,0.057,0.029,0.898
1/18/16,0.24,0.063,0.13,0.122,0.056,0.03,0.064,0.037,0.950
1/25/16,0.282,0.07,0.126,0.209,0.085,,0.077,,1.552
2/1/16,0.533,0.284,0.158,0.261,0.072,0.067,0.049,0.029,2.765
2/8/16,0.519,0.19,0.167,0.143,0.034,0.039,0.017,0.019,3.887
2/15/16,0.073,0.023,0.058,0.037,0.038,,0.048,,1.004
2/22/16,0.495,0.023,0.281,0.219,0.162,0.071,0.099,0.079,1.691
2/29/16,0.198,0.03,0.127,0.063,0.06,0.02,0.037,0.027,1.040
3/7/16,0.025,0.03,0.078,0.02,0.044,0.017,0.038,0.071,1.140
3/14/16,0.071,0.029,0.092,0.13,0.042,0.083,0.046,0.054,1.937
3/21/16,0.841,0.451,0.305,0.376,0.066,0.097,0.044,0.039,1.959
3/28/16,0.23,0.204,0.181,0.234,0.045,0.063,0.022,0.057,1.896
4/4/16,0.007,0.036,0.066,0.139,0.03,0.03,0.02,0.044,0.589
4/11/16,0.06,0.181,0.187,0.261,0.075,0.09,0.046,0.051,1.742
4/18/16,0.735,0.293,0.49,0.336,0.11,0.067,0.03,0.036,2.448
4/25/16,0.036,0.023,0.188,0.177,0.073,,0.049,,1.450
5/2/16,0.005,0.03,0.071,0.093,0.064,0.038,0.06,0.065,0.811
5/9/16,0.002,0.023,0.052,0.077,0.032,,0.024,,0.561
5/16/16,0.002,0.023,0.05,0.109,0.042,0.05,0.028,0.093,0.969
5/23/16,0.001,0.023,0.046,0.081,0.034,,0.024,,0.852
5/30/16,0.004,0.026,0.032,0.063,0.025,0.019,0.031,0.041,0.602
6/6/16,0.006,0.029,0.038,0.037,0.022,0.01,0.026,0.016,0.622
6/13/16,0.006,0.06,0.074,0.037,0.025,0.01,0.025,0.02,0.660
6/20/16,0.005,0.031,0.041,0.097,0.027,0.02,0.036,0.026,0.772
6/27/16,0.004,0.173,0.073,0.21,0.032,0.05,0.064,0.05,0.923
7/4/16,0.013,0.029,0.038,0.029,0.027,0.026,0.029,0.051,0.743
7/11/16,0.008,0.03,0.264,0.157,0.089,0.054,0.095,0.03,2.617
7/18/16,0.008,0.034,0.066,0.023,0.028,0.01,0.046,0.01,0.761
7/25/16,0.009,0.036,0.04,0.026,0.012,0.01,0.028,0.036,0.477
8/1/16,0.004,0.03,0.023,0.027,0.012,0.029,0.035,0.107,0.554
8/8/16,0.004,0.029,0.045,0.017,0.024,0.01,0.023,0.013,0.615
8/15/16,0.003,0.029,0.03,0.01,0.022,0.01,0.037,0.013,0.693
8/22/16,0.004,0.03,0.022,0.059,0.011,0.011,0.011,0.023,1.269
8/29/16,0.048,0.03,0.16,0.049,0.008,0.01,0.012,0.03,1.409
9/5/16,0.003,0.07,0.077,0.019,0.016,0.01,0.034,0.01,0.549
9/12/16,0.003,0.037,0.101,0.054,0.033,0.021,0.027,0.014,1.438
9/19/16,0.003,0.03,0.032,0.029,0.022,0.013,0.032,0.01,1.577
9/26/16,0.002,0.133,0.039,0.016,0.026,0.01,0.029,0.01,1.490
10/3/16,0.001,0.03,0.028,0.029,0.031,0.011,0.051,0.01,1.230
10/10/16,0.01,0.034,0.041,0.019,0.028,0.01,0.034,0.01,0.780
10/17/16,0.003,0.051,0.071,0.043,0.059,0.027,0.08,0.02,1.256
10/24/16,0.024,0.028,0.141,0.018,0.116,0.01,0.094,0.01,1.145
10/31/16,0.006,0.03,0.036,0.014,0.03,0.01,0.027,0.013,0.558
11/7/16,0.03,0.029,0.086,0.01,0.043,0.01,0.033,0.011,1.266
11/14/16,0.095,0.027,0.064,0.01,0.054,0.01,0.082,0.01,1.472
11/21/16,0.415,0.067,0.16,0.062,0.11,0.017,0.101,0.02,1.141
11/28/16,0.184,0.03,0.102,0.054,0.074,0.019,0.039,0.016,0.783
12/5/16,0.305,0.033,0.097,0.07,0.04,0.013,0.032,0.02,1.516
12/12/16,0.082,,0.044,0.029,0.022,0.01,0.027,0.01,0.947
12/19/16,0.066,,0.028,0.01,0.013,0.01,0.012,0.01,2.409
12/26/16,0.364,,0.129,0.077,0.049,0.011,0.032,0.013,1.795
1/2/17,0.101,0.03,0.063,0.024,0.027,0.01,0.019,0.011,1.273
1/9/17,0.387,0.033,0.083,0.06,0.025,0.014,0.024,0.011,2.443
1/16/17,0.487,0.023,0.101,0.09,0.024,0.024,0.024,0.023,4.026
1/23/17,0.708,0.233,0.165,0.173,0.05,0.047,0.039,0.046,2.240
1/30/17,0.586,0.131,0.136,0.112,0.038,0.033,0.035,0.023,2.556
2/6/17,0.024,0.03,0.117,0.019,0.081,0.01,0.081,0.014,1.815
2/13/17,0.056,0.026,0.048,0.031,0.019,0.01,0.028,0.01,1.063
2/20/17,1.093,0.787,0.21,0.296,0.066,0.09,0.046,0.057,3.456
2/27/17,0.137,0.03,0.071,0.031,0.025,0.01,0.019,0.01,0.754
3/6/17,0.132,0.043,0.095,0.119,0.031,0.027,0.024,0.02,1.465
3/13/17,0.25,0.61,0.099,0.256,0.026,0.049,0.012,0.026,4.488
3/20/17,0.43,0.329,0.243,0.209,0.056,0.05,0.026,0.016,1.967
3/27/17,0.146,0.179,0.24,0.269,0.053,0.083,0.033,0.024,3.212
4/3/17,0.327,0.197,0.319,0.257,0.112,0.047,0.026,0.031,2.062
4/10/17,0.313,0.167,0.293,0.297,0.07,0.046,0.031,0.021,1.962
4/17/17,0.007,0.07,0.099,0.164,0.073,0.031,0.026,0.011,1.242
4/24/17,0.001,0.03,0.039,0.111,0.033,0.023,0.028,0.014,0.690
5/1/17,0.001,0.028,0.069,0.234,0.066,0.036,0.042,0.022,1.117
5/8/17,0.004,0.027,0.075,0.214,0.054,0.077,0.03,0.029,0.632
5/15/17,0.001,0.027,0.029,0.136,0.023,0.02,0.023,0.011,0.369
5/22/17,0.004,0.054,0.122,0.231,0.027,0.034,0.015,0.023,0.906
5/29/17,0.013,0.033,0.107,0.12,0.065,0.041,0.033,0.033,2.184
6/5/17,0.008,0.033,0.169,0.177,0.096,0.059,0.08,0.033,1.300
6/12/17,0.006,0.029,0.1,0.041,0.038,0.013,0.053,0.011,0.785
6/19/17,0.004,0.03,0.05,0.064,0.018,0.023,0.029,0.014,0.527
6/26/17,0.005,0.031,0.034,0.043,0.016,0.016,0.02,0.014,0.493
7/3/17,0.008,0.035,0.027,0.041,0.007,0.013,0.02,0.01,0.299
7/10/17,0.007,0.054,0.051,0.051,0.017,0.019,0.044,0.016,0.563
7/17/17,0.006,0.053,0.043,0.354,0.024,0.104,0.04,0.07,1.292
7/24/17,0.005,0.033,0.038,0.05,0.015,0.014,0.046,0.014,0.582
7/31/17,0.003,0.087,0.027,0.024,0.012,0.011,0.039,0.01,0.500
8/7/17,0.003,0.276,0.036,0.036,0.025,0.016,0.034,0.013,0.677
8/14/17,0.002,0.227,0.054,0.019,0.026,0.01,0.033,0.01,0.834
8/21/17,0.002,0.18,0.044,0.011,0.038,0.011,0.051,0.016,1.571
8/28/17,0.002,0.51,0.024,0.273,0.019,0.069,0.025,0.121,0.799
9/4/17,0.002,0.359,0.066,0.114,0.045,0.01,0.081,0.037,1.465
9/11/17,0.032,0.253,0.237,0.084,0.041,0.009,0.034,0.014,1.397
9/18/17,0.004,0.369,0.097,0.017,0.027,0.01,0.029,0.014,0.908
9/25/17,0.002,0.279,0.206,0.216,0.198,0.111,0.21,0.071,2.357
10/2/17,0.006,0.039,0.139,0.123,0.106,0.04,0.068,0.036,1.235
10/9/17,0.01,0.03,0.141,0.097,0.1,0.014,0.081,0.03,1.112
10/16/17,0.035,0.029,0.113,0.099,0.047,0.014,0.037,0.02,0.892
10/23/17,0.018,0.027,0.046,0.053,0.025,0.01,0.019,0.013,0.911
10/30/17,0.251,0.049,0.12,0.091,0.052,0.014,0.032,0.016,1.341
11/6/17,0.373,0.099,0.154,0.134,0.074,0.027,0.049,0.02,1.048
11/13/17,0.773,0.05,0.191,0.124,0.057,0.021,0.066,0.019,1.523
11/20/17,0.097,0.114,0.078,0.101,0.047,0.019,0.035,0.019,0.909
11/27/17,0.214,0.036,0.068,0.084,0.027,0.014,0.018,0.014,1.116
12/4/17,1.125,0.029,0.254,0.046,0.083,0.01,0.048,0.011,1.955
12/11/17,0.937,0.036,0.23,0.12,0.071,0.029,0.059,0.027,2.617
12/18/17,0.357,0.05,0.072,0.047,0.024,0.011,0.014,0.013,1.415
12/25/17,0.593,0.127,0.111,0.123,0.037,0.016,0.026,0.011,2.527
1/1/18,0.323,0.031,0.088,0.076,0.031,0.01,0.025,0.01,1.455
1/8/18,0.081,0.029,0.071,0.091,0.032,0.01,0.044,0.024,1.083
1/15/18,0.264,0.027,0.193,0.077,0.146,0.01,0.144,0.017,1.931
1/22/18,0.41,0.091,0.298,0.099,0.134,0.011,0.141,0.013,1.716
1/29/18,0.489,0.029,0.168,0.104,0.045,0.017,0.04,0.01,1.190
2/5/18,0.067,0.03,0.041,0.026,0.018,0.013,0.03,0.01,1.576
2/12/18,0.073,0.024,0.054,0.06,0.028,0.021,0.03,0.01,1.271
2/19/18,0.261,0.029,0.134,0.04,0.064,0.014,0.043,0.01,1.271
2/26/18,0.137,0.037,0.099,0.069,0.064,0.021,0.05,0.014,1.842
3/5/18,0.063,0.024,0.062,0.077,0.042,0.026,0.032,0.014,1.560
3/12/18,0.051,0.057,0.065,0.037,0.032,0.017,0.026,0.017,1.601
3/19/18,0.146,0.166,0.144,0.111,0.044,0.06,0.039,0.02,1.744
3/26/18,0.035,0.027,0.089,0.103,0.03,0.04,0.025,0.016,1.005
4/2/18,0.054,0.064,0.141,0.194,0.042,0.073,0.033,0.017,0.970
4/9/18,0.032,0.029,0.108,0.186,0.033,0.059,0.027,0.027,0.791
4/16/18,0.039,0.027,0.141,0.229,0.04,0.089,0.029,0.02,1.444
4/23/18,0.008,0.084,0.09,0.48,0.034,0.136,0.03,0.039,0.775
4/30/18,0.002,0.027,0.093,0.114,0.053,0.027,0.043,0.014,1.043
5/7/18,0.002,0.049,0.016,0.051,0.012,0.011,0.013,0.014,0.675
5/14/18,0.003,0.027,0.016,0.057,0.011,0.02,0.017,0.014,0.465
5/21/18,0.004,0.029,0.027,0.073,0.018,0.016,0.015,0.01,0.497
5/28/18,0.006,0.033,0.016,0.073,0.008,0.021,0.015,0.014,0.445
6/4/18,0.006,0.039,0.045,0.064,0.036,0.021,0.028,0.021,0.718
6/11/18,0.006,0.036,0.037,0.033,0.022,0.01,0.018,0.011,0.740
6/18/18,0.007,0.043,0.064,0.083,0.023,0.023,0.032,0.02,0.581
6/25/18,0.004,0.036,0.046,0.019,0.015,0.01,0.025,0.011,0.430
7/2/18,0.009,0.054,0.056,0.063,0.025,0.01,0.042,0.01,0.802
7/9/18,0.007,0.034,0.031,0.049,0.012,0.011,0.021,0.01,0.792
7/16/18,0.009,0.04,0.045,0.056,0.015,0.014,0.036,0.01,0.654
7/23/18,0.007,0.033,0.025,0.029,0.012,0.01,0.024,0.01,0.666
7/30/18,0.006,0.047,0.06,0.09,0.045,0.053,0.081,0.014,1.031
8/6/18,0.007,0.11,0.22,0.062,0.042,0.022,0.047,0.012,1.422
8/13/18,0.004,0.045,0.246,0.043,0.05,0.013,0.046,0.01,1.697
8/20/18,0.003,0.03,0.068,0.047,0.016,0.034,0.021,0.046,0.521
8/27/18,0.003,0.027,0.03,0.03,0.018,0.014,0.022,0.014,1.088
9/3/18,0.001,0.029,0.034,0.023,0.018,0.01,0.024,0.01,0.886
9/10/18,0.003,0.027,0.023,0.053,0.012,0.016,0.028,0.013,0.345
9/17/18,0.055,0.036,0.201,0.073,0.015,0.023,0.018,0.01,0.804
9/24/18,0.002,0.027,0.009,0.009,0.005,0.01,0.008,0.01,1.328
10/1/18,0.017,0.026,0.024,0.006,0.008,0.01,0.011,0.01,0.748
10/8/18,0.077,0.024,0.072,0.034,0.015,0.011,0.016,0.014,1.363
10/15/18,0.01,0.027,0.013,0.005,0.007,0.01,0.013,0.018,0.720
10/22/18,0.068,0.024,0.083,0.036,0.023,0.012,0.02,0.012,0.558
10/29/18,0.011,0.028,0.027,0.03,0.016,0.01,0.018,0.01,0.861
11/5/18,0.01,0.03,0.049,0.063,0.031,0.01,0.03,0.01,0.953
11/12/18,0.082,0.029,0.063,0.041,0.033,0.01,0.025,0.01,1.070
11/19/18,0.452,0.039,0.118,0.126,0.038,0.017,0.034,0.01,1.415
11/26/18,0.682,0.061,0.187,0.13,0.033,0.017,0.023,0.011,1.394
12/3/18,0.171,0.094,0.091,0.084,0.039,0.011,0.051,0.021,1.366
12/10/18,0.087,0.119,0.043,0.093,0.019,0.019,0.018,0.011,1.096
12/17/18,0.229,0.114,0.123,0.124,0.063,0.01,0.061,0.021,1.317
12/24/18,0.325,0.089,0.092,0.093,0.027,0.01,0.022,0.01,2.269
12/31/18,0.565,0.188,0.158,0.078,0.036,0.01,0.033,0.01,1.646
1/7/19,0.318,0.027,0.094,0.051,0.031,0.01,0.027,0.01,1.551
1/14/19,1.672,0.606,0.274,0.237,0.049,0.09,0.049,0.026,1.835
1/21/19,0.561,0.099,0.152,0.134,0.053,0.051,0.062,0.016,1.065
1/28/19,0.256,0.08,0.146,0.13,0.067,0.043,0.065,0.022,1.757
2/4/19,0.456,0.043,0.198,0.21,0.064,0.08,0.089,0.02,1.362
2/11/19,0.329,0.131,0.093,0.087,0.036,0.019,0.036,0.01,1.096
2/18/19,0.474,0.203,0.122,0.097,0.035,0.03,0.027,0.011,1.047
2/25/19,0.724,0.256,0.159,0.204,0.04,0.071,0.031,0.017,1.960
3/4/19,0.756,0.281,0.208,0.149,0.046,0.06,0.036,0.026,1.759
3/11/19,0.464,0.14,0.177,0.27,0.043,0.107,0.027,0.013,0.951
3/18/19,0.04,0.027,0.051,0.059,0.018,0.027,0.015,0.023,2.221
3/25/19,0.327,0.187,0.175,0.23,0.035,0.083,0.019,0.017,2.544
4/1/19,0.245,0.114,0.208,0.333,0.047,0.134,0.029,0.017,2.994
4/8/19,0.019,0.03,0.082,0.069,0.045,0.039,0.035,0.026,0.785
4/15/19,0.001,0.059,0.074,0.041,0.085,0.02,0.066,0.017,1.473
4/22/19,0.002,0.033,0.068,0.089,0.056,0.039,0.052,0.021,1.036
4/29/19,0.451,0.376,0.235,0.296,0.052,0.021,0.029,0.013,3.188
5/6/19,0.01,0.083,0.143,0.262,0.044,0.01,0.031,0.017,1.039
5/13/19,0.001,0.034,0.04,0.097,0.023,0.01,0.02,0.013,0.723
5/20/19,0.001,0.039,0.024,0.084,0.02,0.01,0.025,0.011,0.501
5/27/19,0.004,0.134,0.054,0.12,0.044,0.01,0.035,0.017,0.941
6/3/19,0.005,0.031,0.065,0.023,0.017,0.01,0.016,0.01,0.612
6/10/19,0.007,0.03,0.047,0.05,0.028,0.01,0.034,0.011,0.698
6/17/19,0.003,0.031,0.047,0.059,0.022,0.01,0.042,0.01,0.590
6/24/19,0.004,0.027,0.046,0.064,0.017,0.013,0.025,0.013,0.534
7/1/19,0.011,0.046,0.141,0.117,0.08,0.033,0.062,0.027,1.908
7/8/19,0.004,0.037,0.157,0.043,0.084,0.011,0.087,0.023,2.155
7/15/19,0.011,0.029,0.057,0.04,0.028,0.014,0.056,0.01,0.812
7/22/19,0.01,0.03,0.059,0.059,0.02,0.02,0.053,0.02,0.731
7/29/19,0.004,0.038,0.049,0.077,0.028,0.027,0.072,0.018,0.735
8/5/19,0.002,0.026,0.037,0.049,0.027,0.016,0.057,0.01,1.036
8/12/19,0.002,0.03,0.012,0.01,0.008,0.01,0.012,0.01,0.518
8/19/19,0.003,0.026,0.027,0.024,0.016,0.013,0.028,0.011,0.536
8/26/19,0.003,0.027,0.047,0.047,0.039,0.037,0.05,0.013,1.299
9/2/19,0.001,0.033,0.016,0.026,0.013,0.01,0.017,0.01,0.493
9/9/19,0.003,0.034,0.041,0.066,0.034,0.036,0.032,0.017,0.800
9/16/19,0.002,0.044,0.02,0.026,0.013,0.011,0.016,0.01,0.410
9/23/19,0.01,0.029,0.049,0.013,0.031,0.011,0.071,0.011,0.716
9/30/19,0.012,0.045,0.1,0.05,0.027,0.01,0.024,0.012,0.714
10/7/19,0.005,0.029,0.04,0.013,0.033,0.01,0.053,0.01,0.612
10/14/19,0.003,0.024,0.02,0.02,0.014,0.01,0.018,0.011,0.438
10/21/19,0.043,0.024,0.053,0.034,0.022,0.019,0.022,0.01,0.745
10/28/19,0.158,0.029,0.124,0.066,0.054,0.02,0.054,0.01,0.858
11/4/19,0.173,0.03,0.088,0.01,0.03,0.01,0.032,0.011,0.651
11/11/19,0.027,0.037,0.054,0.051,0.034,0.026,0.052,0.01,0.511
11/18/19,0.015,0.03,0.023,0.037,0.015,0.016,0.031,0.02,0.416
11/25/19,0.081,0.029,0.045,0.02,0.021,0.014,0.032,0.011,1.194
12/2/19,0.343,0.041,0.107,0.079,0.052,0.034,0.078,0.017,2.315
12/9/19,1.176,0.35,0.24,0.136,0.055,0.043,0.067,0.019,2.124
12/16/19,0.217,0.028,0.103,0.096,0.056,0.024,0.06,0.01,1.539
12/23/19,0.132,0.028,0.067,0.035,0.028,0.013,0.029,0.01,1.343
12/30/19,0.994,0.163,0.172,0.119,0.047,0.03,0.047,0.023,1.792
1/6/20,0.721,0.082,0.148,0.117,0.049,0.051,0.047,0.022,2.306
1/13/20,0.646,0.197,0.138,0.182,0.044,0.05,0.046,0.021,1.198
1/20/20,1.259,0.294,0.16,0.129,0.039,0.044,0.058,0.025,1.608
1/27/20,0.253,0.027,0.096,0.059,0.031,0.013,0.036,0.021,1.383
2/3/20,0.609,0.1,0.116,0.057,0.025,0.021,0.023,0.02,2.662
2/10/20,0.774,0.192,0.19,0.205,0.047,0.093,0.039,0.02,2.149
2/17/20,0.684,0.6,0.194,0.246,0.037,0.096,0.03,0.026,4.204
2/24/20,0.779,0.35,0.215,0.161,0.033,0.08,0.022,0.022,4.818
3/2/20,0.105,0.02,0.074,0.063,0.025,0.01,0.02,0.02,0.965
3/9/20,0.354,0.071,0.158,0.14,0.035,0.018,0.023,0.02,4.094
3/16/20,0.158,0.037,0.128,0.101,0.038,0.023,0.026,0.025,3.455
3/23/20,0.199,0.221,0.088,0.091,0.021,0.013,0.016,0.023,3.437
3/30/20,0.15,0.092,0.148,0.122,0.035,0.032,0.026,0.025,6.191
4/6/20,0.058,0.13,0.118,0.163,0.048,0.057,0.037,0.037,2.684
4/13/20,0.005,0.028,0.061,0.038,0.044,0.01,0.032,0.02,2.636
4/20/20,0.004,0.027,0.076,0.138,0.04,0.041,0.019,0.022,2.082
4/27/20,0.005,0.035,0.038,0.097,0.025,0.04,0.021,0.021,0.797
5/4/20,0.071,0.051,0.167,0.166,0.031,0.064,0.022,0.021,1.975
5/11/20,0.054,0.075,0.219,0.116,0.03,0.045,0.023,0.021,3.743
5/18/20,0.002,0.025,0.053,0.074,0.025,0.038,0.027,0.025,0.426
5/25/20,0.001,0.023,0.032,0.049,0.023,0.016,0.033,0.023,1.138
6/1/20,0.006,0.028,0.024,0.037,0.016,0.01,0.019,0.02,0.444
6/8/20,0.005,0.035,0.03,0.017,0.022,0.01,0.032,0.02,0.899
6/15/20,0.003,0.02,0.027,0.033,0.018,0.01,0.024,0.02,0.517
6/22/20,0.004,0.034,0.053,0.044,0.028,0.01,0.046,0.021,0.693
6/29/20,0.006,0.046,0.148,0.044,0.03,0.01,0.032,0.02,0.922
7/6/20,0.016,0.047,0.196,0.062,0.053,0.01,0.042,0.02,1.525
7/13/20,0.019,0.02,0.46,0.124,0.055,0.014,0.06,0.021,2.278
7/20/20,0.012,0.047,0.221,0.308,0.141,0.088,0.089,0.02,2.630
7/27/20,0.008,0.053,0.139,0.218,0.11,0.032,0.117,0.026,2.378
8/3/20,0.061,0.085,0.436,0.199,0.187,0.019,0.084,0.023,4.912
8/10/20,0.007,0.021,0.049,0.042,0.027,0.01,0.045,0.02,1.014
8/17/20,0.003,0.033,0.022,0.029,0.011,0.01,0.018,0.02,0.470
8/24/20,0.004,0.02,0.014,0.013,0.006,0.01,0.01,0.02,0.370
8/31/20,0.003,0.02,0.012,0.016,0.008,0.01,0.018,0.02,0.605
9/7/20,0.002,0.026,0.034,0.054,0.012,0.015,0.028,0.021,0.412
9/14/20,0.003,0.023,0.017,0.019,0.01,0.01,0.014,0.02,0.714
9/21/20,0.004,0.02,0.027,0.019,0.011,0.01,0.015,0.02,2.349
9/28/20,0.003,0.02,0.07,0.045,0.061,0.011,0.09,0.026,1.755
10/5/20,0.004,0.025,0.223,0.165,0.15,0.041,0.12,0.073,2.174
10/12/20,0.019,0.02,0.056,0.023,0.029,0.01,0.027,0.02,1.014
10/19/20,0.025,0.033,0.075,0.018,0.04,0.01,0.046,0.02,0.973
10/26/20,0.014,0.02,0.043,0.012,0.032,0.01,0.031,0.02,0.756
11/2/20,0.029,0.02,0.033,0.018,0.012,0.01,0.018,0.02,0.726
11/9/20,0.012,0.022,0.049,0.018,0.04,0.01,0.049,0.02,1.713
11/16/20,0.039,0.027,0.042,0.017,0.024,0.01,0.023,0.02,1.695
11/23/20,0.047,0.021,0.033,0.036,0.012,0.011,0.017,0.02,1.755
11/30/20,0.176,0.083,0.064,0.103,0.021,0.011,0.016,0.02,1.662
12/7/20,0.026,0.02,0.027,0.034,0.017,0.01,0.026,0.02,0.831
12/14/20,0.152,0.035,0.059,0.095,0.027,0.026,0.023,0.02,0.856
12/21/20,0.285,,0.103,,0.031,,0.031,,1.947
12/28/20,0.237,,0.134,,0.096,,0.159,,1.444
1/4/21,0.079,0.01,0.055,0.019,0.029,0.037,0.024,0.013,2.659
1/11/21,0.145,0.025,0.098,0.07,0.045,0.013,0.037,0.008,1.254
1/18/21,0.22,0.04,0.07,0.048,0.021,0.011,0.017,0.008,2.912
1/25/21,1.358,0.038,0.149,0.028,0.037,0.008,0.038,0.012,1.348
2/1/21,0.385,0.03,0.123,0.075,0.032,0.028,0.029,0.02,1.122
2/8/21,0.217,0.048,0.098,0.027,0.044,0.013,0.049,0.02,1.467
2/15/21,0.133,0.02,0.118,0.086,0.057,0.036,0.063,0.026,1.458
2/22/21,0.129,0.023,0.061,0.057,0.022,0.01,0.02,0.02,1.312
3/1/21,1.344,0.304,0.352,0.092,0.083,0.038,0.064,0.02,2.715
3/8/21,0.292,0.045,0.143,0.08,0.035,0.027,0.026,0.02,1.415
3/15/21,0.687,0.143,0.162,0.122,0.034,0.062,0.019,0.024,4.091
3/22/21,0.137,0.02,0.104,0.051,0.028,0.015,0.02,0.02,2.319
3/29/21,0.207,0.023,0.144,0.085,0.03,0.048,0.026,0.021,2.171
4/5/21,0.696,0.104,0.248,0.114,0.041,0.068,0.02,0.022,3.857
4/12/21,0.015,0.031,0.072,0.066,0.022,0.038,0.015,0.021,1.679
4/19/21,0.002,0.039,0.063,0.076,0.033,0.026,0.02,0.021,1.549
4/26/21,0.026,0.02,0.121,0.131,0.043,0.082,0.028,0.025,2.021
5/3/21,0.012,0.02,0.084,0.157,0.041,0.088,0.028,0.027,0.974
5/10/21,0.003,0.02,0.105,0.109,0.076,0.055,0.027,0.022,1.370
5/17/21,0.001,0.03,0.054,0.129,0.047,0.045,0.031,0.028,0.582
5/24/21,0.001,0.04,0.04,0.114,0.034,0.052,0.031,0.022,0.935
5/31/21,0.003,0.066,0.029,0.077,0.023,0.01,0.026,0.02,0.543
6/7/21,0.006,0.02,0.044,0.04,0.016,0.015,0.023,0.02,1.078
6/14/21,0.003,0.02,0.149,0.038,0.015,0.011,0.012,0.02,0.918
6/21/21,0.005,0.022,0.057,0.102,0.03,0.036,0.027,0.02,0.599
6/28/21,0.006,0.026,0.028,0.05,0.011,0.016,0.02,0.02,0.407
7/5/21,0.005,0.02,0.042,0.053,0.016,0.018,0.033,0.02,0.464
7/12/21,0.005,0.045,0.054,0.105,0.022,0.045,0.047,0.02,0.784
7/19/21,0.012,0.02,0.082,0.05,0.03,0.013,0.035,0.021,0.730
7/26/21,0.007,0.031,0.089,0.11,0.041,0.028,0.051,0.02,0.894
8/2/21,0.003,0.023,0.051,0.029,0.03,0.01,0.035,0.02,0.846
8/9/21,0.003,0.208,0.051,0.188,0.039,0.05,0.063,0.021,0.831
8/16/21,0.002,0.025,0.044,0.042,0.033,0.011,0.06,0.02,1.020
8/23/21,0.003,0.022,0.036,0.024,0.028,0.01,0.047,0.02,1.280
8/30/21,0.002,0.022,0.023,0.046,0.016,0.019,0.026,0.02,0.875
9/6/21,0.025,0.032,0.112,0.057,0.028,0.019,0.026,0.02,1.170
9/13/21,0.002,0.03,0.113,0.054,0.039,0.018,0.035,0.02,1.091
9/20/21,0.003,0.02,0.044,0.018,0.031,0.011,0.033,0.02,1.380
9/27/21,0.004,0.02,0.071,0.016,0.05,0.01,0.052,0.02,1.658
10/4/21,0.005,0.021,0.025,0.041,0.015,0.011,0.024,0.02,0.485
10/11/21,0.044,0.051,0.057,0.089,0.02,0.01,0.015,0.021,0.405
10/18/21,0.029,0.02,0.058,0.029,0.017,0.015,0.016,0.02,0.674
10/25/21,0.013,0.02,0.035,0.018,0.021,0.011,0.021,0.02,0.473
11/1/21,0.019,0.02,0.029,0.022,0.015,0.01,0.017,0.02,2.636
11/8/21,0.173,0.021,0.077,0.028,0.032,0.01,0.035,0.02,1.935
11/15/21,0.864,0.096,0.172,0.073,0.031,0.035,0.038,0.02,1.509
11/22/21,0.831,0.192,0.163,0.157,0.052,0.091,0.059,0.031,1.663
11/29/21,0.149,0.035,0.091,0.082,0.042,0.048,0.037,0.023,1.351
12/6/21,0.041,0.168,0.048,0.128,0.033,0.058,0.068,0.024,0.986
12/13/21,0.064,0.515,0.052,0.136,0.036,0.05,0.069,0.03,1.012
12/20/21,1.083,0.062,0.144,0.061,0.052,0.042,0.069,0.02,1.391